<?xml version="1.0" encoding="UTF-8"?>
<beans xmlns="http://www.springframework.org/schema/beans"
	xmlns:xsi="http://www.w3.org/2001/XMLSchema-instance"
	xmlns:context="http://www.springframework.org/schema/context"
	xmlns:mvc="http://www.springframework.org/schema/mvc"
	xsi:schemaLocation="http://www.springframework.org/schema/beans http://www.springframework.org/schema/beans/spring-beans-3.2.xsd
		http://www.springframework.org/schema/context http://www.springframework.org/schema/context/spring-context-3.2.xsd
		http://www.springframework.org/schema/mvc http://www.springframework.org/schema/mvc/spring-mvc-3.2.xsd">
	
	<!-- org.springframework.stereotype.Controller타입인 애들만 만들어 준다라는 뜻 -->
	<context:component-scan base-package="myspring.user,myspring.student">
		<context:include-filter type="annotation" expression="org.springframework.stereotype.Controller"/>
	</context:component-scan>

	<!-- Spring MVC에 필요한 Bean들을 자동으로 등록해주는 태그-->
	<mvc:annotation-driven />
	
	<!-- DispatcherServlet의  변경된 url-pattern 때문에 필요한 태그 설정 -->	
	<mvc:default-servlet-handler/>
	
	<!-- 아래 주석은 Controller에서  포워딩 되는  .jsp 확장자를  생략할 수 있다. -->
	<bean id="viewResolver"
		class="org.springframework.web.servlet.view.InternalResourceViewResolver">
		<property name="prefix" value="/" />
		<property name="suffix" value=".jsp" />
	</bean>


	<!-- annotation-driven  태그에서 내부적으로 처리해주는 설정 -->
	<!-- <bean id="jsonHttpMessageConverter"  -->
	<!--         class="org.springframework.http.converter.json.MappingJacksonHttpMessageConverter" /> -->
	<!-- <bean class="org.springframework.web.servlet.mvc.annotation.AnnotationMethodHandlerAdapter"> -->
	<!-- 	<property name="messageConverters"> -->
	<!-- 	  <list> -->
	<!-- 		<ref bean="jsonHttpMessageConverter"/> -->
	<!-- 	  </list> -->
	<!-- 	</property> -->
	<!-- </bean> -->

</beans>











