<?xml version="1.0" encoding="UTF-8"?>
<beans xmlns="http://www.springframework.org/schema/beans"
	xmlns:xsi="http://www.w3.org/2001/XMLSchema-instance"
	xmlns:context="http://www.springframework.org/schema/context"
	xmlns:p="http://www.springframework.org/schema/p"
	xsi:schemaLocation="http://www.springframework.org/schema/beans http://www.springframework.org/schema/beans/spring-beans.xsd
		http://www.springframework.org/schema/context http://www.springframework.org/schema/context/spring-context.xsd">

	<!-- 변수들을 어디다가 저장해두는지 명시  -->
	<context:property-placeholder location="classpath:value.properties"/>
	
	<!-- DataSource 구현체인 HikariDataSource를 스프링빈으로 등록 -->
	<bean id="dataSource" class="com.zaxxer.hikari.HikariDataSource"
		p:driverClassName="${db.driverClass}"
		p:jdbcUrl="${db.url}" 
		p:username="${db.username}" 
		p:password="${db.password}" ></bean>
		
	<bean id="sqlSessionFactory" class="org.mybatis.spring.SqlSessionFactoryBean">
		<property name="dataSource" ref="dataSource"></property>
		<property name="configLocation" value="classpath:SqlMapConfig.xml"></property>
		<property name="mapperLocations">
			<list>
				<value>classpath:mappers/*Mapper.xml</value>
			</list>		
		</property>
	</bean>
	
	<bean id="sqlSession" class="org.mybatis.spring.SqlSessionTemplate">
		<constructor-arg ref="sqlSessionFactory"></constructor-arg>
	</bean>
	
	<bean class="org.mybatis.spring.mapper.MapperScannerConfigurer">
		<property name="basePackage" value="myspring.customer.dao.mapper"></property>
		<property name="sqlSessionTemplateBeanName" value="sqlSession"></property>
	</bean>
	
	<context:component-scan base-package="myspring.customer">
		<context:exclude-filter type="annotation" expression="org.springframework.stereotype.Controller"/>
	</context:component-scan>
		
</beans>
